open AND (access OR accesss) AND NOT partially,Open Access
open AND (access OR accesss) AND partially,Mixed Access
journal,Journal
ancient,Antiquity
archaeology,Archaeology
studies,
archaeological,Archaeology
newsletter,Newsletter
news,
publications,
bulletin,Journal
journals,Journal
database,"Data, Database"
university,
museum,Museums
research,
revista,Journal
classical,Classics
greek,Greek
archive,Archive
roman,Roman
texts,
collection,
history,History
egypt,Egypt
inscriptions,Epigraphy
jstor,JSTOR
revue,Journal
corpus,
collections,
data,Data
cdli,CDLI
cuneiform,Cuneiform
archives,
art,Art
book,Book
books,Book
series AND NOT lecture,Series
bibliography,Bibliography
classics,Classics
cultural,Culture
papers,
egyptian,Egyptology
resources,
administrative,
antiquity,Antiquity
biblical,Bible
heritage,Heritage
amar,Amar
arqueología,Archeaology
latin,Latin
conference,Conference
publication,
rome,Rome
mediterranean,Mediterranean
catalogue,Catalogue
reports,Reports
humanities,
byzantine,Byzantium
rivista,Journal
archeologia,Archaeology
atlas,Atlas
manuscripts,Manuscripts
archéologique,Archaeology
asor,ASOR
dissertations,Dissertations
egyptology,Egyptology
proceedings,Proceedings
anthropology,Anthropology
antiquities,Antiquities
backlist,Backlist
bible,"Bible, Religion"
papyri,Papyrology
sudan,Sudan
athens,Athens
manuscript,Manuscripts
bibliographies,Bibliography
dictionary,Dictionary
excavations,Archaeology
historical,History
medieval,Middle Ages
monographs,Monograph
cahiers,Journal
classica,Classics
karnak,Karnak
wiki,Wiki
articles,Journal
conservation,Conservation
culture,Culture
egyptological,Egyptology
law,Law
monuments,Monuments
numismatic,Numismatics
orientalia,
papyrus,Papyrology
arabic,Arabic
awol,AWOL
archéologie,Archaeology
histoire,History
français,
hellenic,
historia,History
isaw,ISAW
israel,Israel
libraries,Libraries
magazine,Magazine
portal,
sites,
aegean,Aegean
archaeologica,Archaeology
exhibition,Exhibition
hebrew,Hebrew
antiquité,Antiquity
latina,Latin
thesaurus,Thesaurus
theses,Theses
antigua,Antiquity
antique,Antiquity
asian,Asia
assyrian,Assyria
blog,Blog
documents,
epigraphy,Epigraphy
film,Video
graecae,Greek
hellenistic,Hellenistic
homer,Homer
iranian,Iran
islamic,Islam
lexicon,Lexicon
méditerranée,Mediterranean
storia,History
syrian,Syria
temples,Religion
website,Website
zeitschrift,Journal
aja,AJA
anthropological,Anthropology
asia,Asia
coptic,"Coptic, Egyptology"
dumbarton oaks,Dumbarton Oaks
encyclopedia,Encyclopedia
excavation,Archaeology
giza,Giza
iran,Iran
nubia,Nubia
semitic,
video,Video
web,Website
akkadian,Akkadian
amarna,Amarna
analecta,Journal
annales,Journal
antike,Antiquity
arabian,Arabia
babylonian,Babylon
bibliotheca,Library
boletín,
bollettino,
christianity,Christianity
cuadernos,Journal
demotic,"Demotic, Egyptology"
getty,Getty
greece,Greece
história,History
iraq,Iraq
issue,
museo,Museum
orient,
persée,Persée
perseus,Perseus
perspectives,
prehistoria,Prehistory
religion,Religion
reviews,Journal
syriac,Syriac
theban,Thebes
trismegistos,Trismegistos
africa,Africa
aia,AIA
archäologie,Archaeology
archibab,
architecture,Architecture
arqueologia,Archaeology
berlin,Berlin
cairo,Cairo
chinese,China
codex,
dai,DAI
databases,"Data, Database"
diritto,Law
ejournal,Journal
epigraphic,Epigraphy
filología,Philology
flickr,"Flickr, Imagery"
hittite,Hittite
image,Imagery
jerusalem,Jerusalem
map,Map
mémoires,Journal
mesopotamian,Mesopotamia
palestine,Palestine
papyrological,Papyrology
periodicals,Journal
philologie,Philology
pompeii,Pompeii
repository,
seals,Seals
sources,
teaching,Teaching
theological,"Theology, Religion"
altertumswissenschaften,Antiquity
ancienne,Antiquity
anciennes,Antiquity
antiquités,Antiquity
arabia,Arabia
archeologica,Archaeology
artstor,ARTSTOR
biblioteca,
britain,Britain
bronze,Bronze
california,California
christian,Christianity
chronique,Journal
clásicos,Classics
coins,Numismatics
arqueologia,Archaeology
ebla,Ebla
encyclopaedia,Encyclopedia
environment,Environment
genizah,Genizah
gis,GIS
grecoroman,"Greece, Rome"
images,Imagery
imperial,Empires
indian,India
jewish,Judaism
latinarum,Latin
lawdi,LAWDI
linguistics,Linguistics
musée,Museums
neoassyrian,Neoassyrian
newsletters,Newsletter
papyrology,Papyrology
pennsylvania,Pennsylvania
philosophy,Philosophy
photostream,Imagery
places,Geography
pottery,Pottery
prehistory,Prehistory
preservation,Preservation
procheorient,
quarterly,Journal
romana,Roman
romanian,Romania
romano,Roman
septuagint,"Septuagint, Bible, Religion"
suisse,Switzerland
sumerian,Sumerian
syria,Syria
theology,"Theology, Religion"
tlg®,TLG
turkey,Turkey
ägyptologie,Egyptology
amphores,Amphorae
annuaire,Journal
antiga,Antiquity
antigüedad,Antiquity
antiques,Antiquity
arachne,"Arachne, DAI"
aramaic,Aramaic
archéologie,Archaeology
archéologiques,Archaeology
archival,Archives
arkeoloji,Archaeology
arte,Art
ascsa,ASCSA
athenian,Athens
buddhist,"Buddhism, Religion"
cambridge,Cambridge
catalog,Catalogue
catalogues,Catalogue
clásica,Classics
classicist,Classics
clássicos,Classics
collaboration,Collaboration
collaborative,Collaboration
college,
community,Collaboration
congress,
cyprus,Cyprus
datenbank,"Data, Database"
deutschen,
données,
égypte,Egypt
epigraphica,Epigraphy
etana,ETANA
etruscan,Etruscans
expedition,Archaeology
fachbibliothek,
fouilles,
france,
fund,
habu,
herculaneum,Herculaneum
hesperia,"Hesperia, Journal"
historians,History
historica,History
imaging,Imagery
inscriptionum,Epigraphy
iranica,Iran
judaism,Judaism
latinorum,Latin
mediaevalia,Middle Ages
medinet,
michigan,Michigan
monograph,Monograph
museums,Museums
mycenaean,Myceneans
numismatics,Numismatics
philologica,Philology
philology,Philology
photo,Imagery
photographs,Imagery
podcasts,Audio
prehistoric,Prehistory
préhistorique,Prehistory
publishing,
religious,Religion
rezeption,Reception
sanskrit,Sanskrit
serie,Series
women,Women
youtube,Video
zenon,Zenon
base de données,"Data, Database"
digital library,Digital Library
digital libraries,Digital Library
virtual library,Digital Library
virtual libraries,Digital Library
dossiers,Journal
social network,Social Network
publisher,Publisher
project,Project
mailing list,Mailing List
no longer open access,Closed Access
not open access,Closed Access
oriental institute,Oriental Institute
app,Computer Program
call for papers,Call for Papers
competition,Competition
presentations,Presentations
conference,Conference
crowdsource,Crowdsource
digitization,Digitization
scanned,Digitization
institutional repositories,Institutional Repository
institutional repository,Institutional Repository
live stream,Live Streaming
artstor,ARTStor
open context,Open Context
griffith institute,Griffith Institute
trismegistos,Trismegistos
journal issues,Journal Issues
online library,Digital Library
prepublication,Prepublication
annual report,Annual Report
report,Report
reports,Report
bibliographical,Bibliography
class,Class
text editions,Text Editions
document,Document
libraries,Digital Library
symposium,Conference
text corpus,Text Editions
preprints,Prepublication
selective open access,Mixed Access
geoarchaeology,"Archaeology, Geoarchaeology"
issue,Journal Issues
university of oxford,University of Oxford
cultural heritage,Cultural Heritage
metropolitan museum of art,Metropolitan Museum of Art
british museum,British Museum
lecture series,Lecture Series
patrologia,Patrologia
forum,Forum
